Episode,StartPos,X,Y,Z
1,20,20.397932052612305,-0.7688441276550293,1.209614872932434
1,20,20.77593994140625,-0.8839457631111145,1.3591521978378296
1,20,21.135156631469727,-0.9243612289428711,1.4705259799957275
1,20,21.487287521362305,-0.9541365504264832,1.6207915544509888
1,20,21.86380386352539,-0.7772623896598816,1.787923812866211
1,20,22.104930877685547,-0.7606310248374939,1.8450679779052734
2,20,20.413782119750977,0.03948647901415825,0.02466481178998947
2,20,20.782978057861328,-0.019803361967206,0.1233399361371994
2,20,21.171884536743164,0.06899827718734741,0.16687510907649994
2,20,21.563554763793945,0.18383653461933136,0.07640961557626724
2,20,21.92165184020996,0.16556796431541443,0.11105227470397949
2,20,22.291889190673828,0.4396965801715851,0.04976104572415352
2,20,22.682985305786133,0.4732319116592407,-0.020423253998160362
2,20,23.059110641479492,0.41357412934303284,0.2718296945095062
2,20,23.44532585144043,0.17080868780612946,0.3666599988937378
2,20,23.83591651916504,0.016620205715298653,0.4983193874359131
2,20,24.236663818359375,0.015025579370558262,0.6467843651771545
2,20,24.61789321899414,-0.14787623286247253,0.7785895466804504
2,20,24.975475311279297,-0.21553339064121246,0.8140956163406372
2,20,25.35641860961914,-0.1276133805513382,0.9515101313591003
2,20,25.74099349975586,-0.008800039067864418,0.8006447553634644
2,20,26.125755310058594,0.0878874659538269,0.8272172212600708
2,20,26.495391845703125,0.27282124757766724,0.7162694334983826
2,20,26.84819221496582,0.34800317883491516,0.8213590979576111
2,20,27.06254768371582,0.2840205132961273,0.9072779417037964
3,20,20.391847610473633,-0.44499823451042175,0.49390044808387756
3,20,20.7613525390625,-0.43468573689460754,0.5473617911338806
3,20,21.12773323059082,-0.5010567903518677,0.5714257955551147
3,20,21.497955322265625,-0.38768693804740906,0.39559438824653625
3,20,21.848562240600586,-0.08739883452653885,0.3274213969707489
3,20,22.234682083129883,0.14491422474384308,0.421862930059433
3,20,22.608959197998047,0.24619941413402557,0.2550119459629059
3,20,22.881166458129883,0.1333606243133545,0.2498222142457962
4,20,20.42140007019043,0.9189407825469971,0.25951308012008667
4,20,20.78712272644043,0.8250311017036438,0.29449689388275146
4,20,21.145736694335938,0.7899987101554871,0.33318236470222473
4,20,21.5316104888916,0.7191275358200073,0.3259536623954773
4,20,21.90632438659668,0.5654420256614685,0.564678966999054
4,20,22.308773040771484,0.41661807894706726,0.5255226492881775
4,20,22.69325828552246,0.49347078800201416,0.30650556087493896
4,20,23.06132698059082,0.7202733159065247,0.2245275229215622
4,20,23.460660934448242,0.4611749053001404,0.33792784810066223
4,20,23.839365005493164,0.1638818383216858,0.3744606673717499
4,20,24.219242095947266,0.1763935685157776,0.4771661162376404
4,20,24.6000919342041,0.10906083136796951,0.6727346777915955
4,20,24.964351654052734,-0.03528599813580513,0.6162800192832947
4,20,25.349090576171875,-0.06814957410097122,0.8062641620635986
4,20,25.71611213684082,-0.029708078131079674,0.9533404111862183
4,20,26.092607498168945,0.1438046097755432,0.870535135269165
4,20,26.45764923095703,0.18569305539131165,0.827833890914917
4,20,26.832889556884766,0.34900081157684326,0.7966946959495544
4,20,27.214584350585938,0.375442236661911,0.9394436478614807
4,20,27.589479446411133,0.40371352434158325,1.0808775424957275
4,20,27.956796646118164,0.4011290371417999,1.1795110702514648
4,20,28.325382232666016,0.2049301713705063,1.3888334035873413
4,20,28.68309211730957,0.262027382850647,1.315283179283142
4,20,29.064533233642578,0.21050818264484406,1.14326810836792
4,20,29.45707893371582,0.19940970838069916,1.09308660030365
4,20,29.835567474365234,0.35006293654441833,1.0402246713638306
4,20,30.216554641723633,0.34543299674987793,0.8536515831947327
4,20,30.60214614868164,0.47782057523727417,0.8312132358551025
4,20,30.8850040435791,0.42385539412498474,0.9690167903900146
5,20,20.39614486694336,0.332828164100647,-0.18751759827136993
5,20,20.752878189086914,0.35103893280029297,0.10756503790616989
5,20,21.048009872436523,0.2402595430612564,0.2714894115924835
5,20,21.528722763061523,0.18045875430107117,0.21623925864696503
5,20,21.903610229492188,0.26430806517601013,0.22415603697299957
5,20,22.3040771484375,0.5398747324943542,0.29726165533065796
5,20,22.665328979492188,0.4836474061012268,0.1737947165966034
5,20,23.043285369873047,0.3601452112197876,0.29228800535202026
5,20,23.43868064880371,0.0963771641254425,0.39128822088241577
5,20,23.812904357910156,-0.1562308669090271,0.2737974524497986
5,20,24.200878143310547,-0.15600834786891937,0.3767751157283783
5,20,24.58920669555664,-0.2557017207145691,0.6256348490715027
5,20,24.96224021911621,-0.5081222057342529,0.4560224711894989
5,20,25.320648193359375,-0.23759005963802338,0.5892176628112793
5,20,25.67983055114746,-0.12764982879161835,0.7583422064781189
5,20,26.033458709716797,0.09416277706623077,0.9202573895454407
5,20,26.38507080078125,0.11033372581005096,0.9928295612335205
5,20,26.74416732788086,0.2404504269361496,0.9712218046188354
6,20,20.38689613342285,-0.8464847207069397,1.0043511390686035
6,20,20.682830810546875,-0.7798557877540588,1.0423877239227295
6,20,21.16807746887207,-0.631036639213562,1.1130813360214233
6,20,21.542123794555664,-0.4978506863117218,1.1362621784210205
6,20,21.91962432861328,-0.30796658992767334,0.9947060942649841
6,20,22.214847564697266,-0.16717897355556488,1.244080662727356
6,20,22.700599670410156,-0.026881219819188118,1.5828756093978882
6,20,22.733591079711914,-0.027419771999120712,1.6399893760681152
7,20,20.408769607543945,-0.8136491179466248,0.19513578712940216
7,20,20.791446685791016,-0.9109933972358704,0.17081812024116516
7,20,21.161991119384766,-0.7568500638008118,0.23572690784931183
7,20,21.54918098449707,-0.6294832229614258,0.11393926292657852
7,20,21.919315338134766,-0.0684952363371849,-0.014669155701994896
7,20,22.30624008178711,0.37823909521102905,-0.07027614116668701
7,20,22.690088272094727,0.5270099639892578,-0.019665932282805443
7,20,23.05357551574707,0.6063687801361084,-0.01550539955496788
7,20,23.426313400268555,0.5875360369682312,0.0849975198507309
7,20,23.802377700805664,0.5393009781837463,0.1384178251028061
7,20,24.162601470947266,0.5443763136863708,0.23464059829711914
7,20,24.54189109802246,0.5556104779243469,0.42378532886505127
7,20,24.920413970947266,0.33617672324180603,0.6240692138671875
7,20,25.30773162841797,0.33945417404174805,0.9536921381950378
7,20,25.69350242614746,0.267253577709198,0.8767662644386292
7,20,26.075857162475586,0.2921585738658905,0.7259033918380737
7,20,26.468202590942383,0.5415742993354797,0.8040541410446167
7,20,26.868106842041016,0.3766850531101227,0.91707843542099
7,20,26.90011978149414,0.37420761585235596,0.9533736109733582
8,20,20.393312454223633,-0.9400382041931152,0.8566873669624329
8,20,20.757022857666016,-0.8481538891792297,1.0368622541427612
8,20,21.111536026000977,-0.7558044195175171,0.883278489112854
8,20,21.506393432617188,-0.5498660802841187,1.0289394855499268
8,20,21.884855270385742,-0.45210301876068115,0.7953617572784424
8,20,22.254411697387695,-0.07033256441354752,0.934353768825531
8,20,22.62391471862793,-0.11861570924520493,1.005487322807312
8,20,22.73322296142578,-0.11589085310697556,0.969868540763855
9,20,20.401540756225586,0.2675814628601074,-0.5379168391227722
9,20,20.76237678527832,0.21277782320976257,-0.3588726818561554
9,20,21.115652084350586,0.2598746716976166,-0.1118922308087349
9,20,21.493412017822266,0.2975522577762604,0.024912366643548012
9,20,21.836071014404297,0.38649672269821167,-0.117556132376194
9,20,22.219812393188477,0.5106840133666992,-0.00411206716671586
9,20,22.594552993774414,0.5766269564628601,-0.11893167346715927
9,20,22.956363677978516,0.6933942437171936,0.007219347637146711
9,20,23.33228874206543,0.6562350392341614,0.0853770524263382
9,20,23.71487808227539,0.6635615229606628,0.16800889372825623
9,20,24.07053565979004,0.6630219221115112,0.26268622279167175
9,20,24.42268180847168,0.593279242515564,0.6315566301345825
9,20,24.796268463134766,0.476274698972702,0.5776962637901306
9,20,25.179481506347656,0.24493460357189178,0.6283233761787415
9,20,25.55052947998047,0.3849601149559021,0.6826208829879761
9,20,25.930036544799805,0.3624595105648041,0.7426919341087341
9,20,26.29603385925293,0.381818562746048,0.7867761254310608
9,20,26.676246643066406,0.315019428730011,0.9642753601074219
9,20,26.73542594909668,0.30119144916534424,1.0284719467163086
10,20,20.40096664428711,0.10379539430141449,0.3715839982032776
10,20,20.759803771972656,0.10592582821846008,0.49905532598495483
10,20,21.132003784179688,-0.023750554770231247,0.5096797943115234
10,20,21.487224578857422,0.040607426315546036,0.5745446085929871
10,20,21.869348526000977,0.22545337677001953,0.4811241030693054
10,20,22.23500633239746,0.28663820028305054,0.35908934473991394
10,20,22.608741760253906,0.4624289572238922,0.2877538800239563
10,20,22.97649574279785,0.3855554461479187,0.4509316086769104
10,20,23.159339904785156,0.27857258915901184,0.4041769206523895
11,20,20.401119232177734,-0.6351174116134644,0.3684362769126892
11,20,20.76435661315918,-0.522079586982727,0.4259088933467865
11,20,21.143905639648438,-0.5579846501350403,0.5525711178779602
11,20,21.512773513793945,-0.5071910619735718,0.39301598072052
11,20,21.889623641967773,-0.38048407435417175,0.3389076292514801
11,20,22.251821517944336,-0.09471865743398666,0.3202689290046692
11,20,22.6158390045166,0.17492707073688507,0.21049420535564423
11,20,22.778005599975586,0.12613214552402496,0.25239452719688416
12,20,20.419002532958984,0.8116941452026367,0.4976399838924408
12,20,20.78314971923828,0.5411159992218018,0.430897980928421
12,20,21.155147552490234,0.49558672308921814,0.5222370028495789
12,20,21.530902862548828,0.4402500092983246,0.28982973098754883
12,20,21.910043716430664,0.40333473682403564,0.24657586216926575
12,20,22.272008895874023,0.45291274785995483,-0.042440250515937805
12,20,22.643835067749023,0.6287156343460083,-0.044123947620391846
12,20,23.018922805786133,0.671686053276062,-0.05238395556807518
12,20,23.38413429260254,0.7728024125099182,-0.10892535746097565
12,20,23.73604965209961,0.8209185004234314,-0.05452374368906021
12,20,24.107885360717773,0.8165940046310425,0.08384251594543457
12,20,24.457834243774414,0.6246839165687561,0.29867231845855713
12,20,24.85350227355957,0.45167914032936096,0.5076155066490173
12,20,25.13150978088379,0.3632314205169678,0.43923813104629517
12,20,25.622604370117188,0.2696821391582489,0.6509602069854736
12,20,25.990386962890625,0.2979443371295929,0.423835813999176
12,20,26.391935348510742,0.3154785931110382,0.24896854162216187
12,20,26.741683959960938,0.3120359778404236,0.4326971471309662
12,20,27.144453048706055,0.22035479545593262,0.574219286441803
12,20,27.534236907958984,0.2828640639781952,0.5476450324058533
12,20,27.883094787597656,0.27438509464263916,0.6797159314155579
12,20,28.2293643951416,0.27434083819389343,0.8097888231277466
12,20,28.62236976623535,0.14084210991859436,1.1985752582550049
12,20,29.000455856323242,0.17803733050823212,0.9812386631965637
12,20,29.36964225769043,0.1463201940059662,0.7636022567749023
12,20,29.739919662475586,0.09309336543083191,0.6465460658073425
12,20,30.13302993774414,0.272070050239563,0.742781937122345
12,20,30.49822998046875,0.3856550455093384,0.6817938685417175
12,20,30.87657356262207,0.2884691655635834,0.7318222522735596
12,20,31.053998947143555,0.2780427932739258,0.9023332595825195
13,20,20.399450302124023,0.3906800448894501,1.019602656364441
13,20,20.755117416381836,0.41841429471969604,1.0461052656173706
13,20,21.128122329711914,0.57481849193573,1.2342678308486938
13,20,21.510955810546875,0.7742271423339844,1.3503960371017456
13,20,21.89328384399414,0.6243217587471008,1.2110676765441895
13,20,22.24601936340332,0.6627375483512878,1.101366639137268
13,20,22.646053314208984,0.49625933170318604,0.9667236804962158
13,20,22.72882843017578,0.5860614776611328,1.0279827117919922
14,20,20.40731430053711,0.75868821144104,-0.24178065359592438
14,20,20.77814483642578,0.9453457593917847,-0.17956578731536865
14,20,21.156505584716797,0.8131018877029419,0.05792955309152603
14,20,21.554582595825195,0.7578651905059814,0.26468315720558167
14,20,21.879680633544922,0.5951011180877686,0.4564794898033142
14,20,22.332218170166016,0.3344555199146271,0.4507655203342438
14,20,22.69463539123535,0.44425058364868164,0.45131805539131165
14,20,23.013717651367188,0.42118099331855774,0.46590521931648254
15,20,20.400287628173828,-0.4560573995113373,0.8099966049194336
15,20,20.7648868560791,-0.40696096420288086,0.7532489895820618
15,20,21.134321212768555,-0.4433028995990753,0.6261817812919617
15,20,21.50330352783203,-0.3732350766658783,0.5226677060127258
15,20,21.872289657592773,-0.220559760928154,0.40968894958496094
15,20,22.232772827148438,0.025287240743637085,0.2565431296825409
15,20,22.63594627380371,0.04014798626303673,0.24859796464443207
15,20,23.01062774658203,0.281162291765213,0.2945695221424103
15,20,23.39036750793457,0.10572362691164017,0.3111499547958374
15,20,23.785568237304688,-0.057455215603113174,0.43576133251190186
15,20,24.14717674255371,-0.04385676607489586,0.5714594125747681
15,20,24.53671646118164,-0.09067907184362411,0.8771752715110779
15,20,23.250560760498047,-0.4022449851036072,1.3515188694000244
16,20,20.41834831237793,-0.42570486664772034,0.5896655321121216
16,20,20.781530380249023,-0.4472987651824951,0.46442869305610657
16,20,21.14011001586914,-0.5345591306686401,0.4955366551876068
16,20,21.50579833984375,-0.4931105673313141,0.3628874123096466
16,20,21.878446578979492,-0.18763038516044617,0.2799853980541229
16,20,22.265548706054688,-0.11352545768022537,0.3095115125179291
16,20,22.63706398010254,0.10804988443851471,0.18675807118415833
16,20,23.011281967163086,0.18829913437366486,0.15644212067127228
16,20,23.172548294067383,0.1537620723247528,0.2813017666339874
17,20,20.41360092163086,-0.08663025498390198,1.1636914014816284
17,20,20.796180725097656,-0.27838248014450073,0.9065699577331543
17,20,21.192218780517578,-0.2775586247444153,0.809743344783783
17,20,21.562110900878906,-0.10317898541688919,0.8787568211555481
17,20,21.93202781677246,-0.07604123651981354,0.9245960712432861
17,20,22.312572479248047,-0.1331886649131775,0.7753342986106873
17,20,22.672592163085938,0.06459823250770569,0.6354511976242065
17,20,22.72853660583496,0.17279857397079468,0.7429595589637756
18,20,20.420698165893555,0.43756744265556335,0.5674934983253479
18,20,20.807533264160156,0.19926589727401733,0.6965145468711853
18,20,21.169816970825195,0.1151692271232605,0.566550076007843
18,20,21.533294677734375,0.11517968773841858,0.5953584909439087
18,20,21.93061065673828,0.1968255639076233,0.7689750790596008
18,20,22.302459716796875,0.44775232672691345,0.6554996967315674
18,20,22.68162727355957,0.47534725069999695,0.6360228061676025
18,20,22.73155403137207,0.5481828451156616,0.6893055438995361
19,20,20.401708602905273,-0.0725562795996666,-0.6328238248825073
19,20,20.763708114624023,-0.29942065477371216,-0.3923654854297638
19,20,21.1269474029541,-0.10904359817504883,-0.01884196698665619
19,20,21.496891021728516,0.06094126030802727,0.0477258563041687
19,20,21.88387107849121,0.3427024483680725,0.0830894261598587
19,20,22.26905059814453,0.34078535437583923,0.15110978484153748
19,20,22.62473487854004,0.20924891531467438,0.21194428205490112
19,20,22.97953987121582,0.1666235476732254,0.21315261721611023
19,20,23.043432235717773,0.14898239076137543,0.2750280201435089
20,20,19.676570892333984,-0.5655620098114014,0.7183846831321716
21,20,20.396345138549805,1.0135184526443481,-0.07361225038766861
21,20,20.769845962524414,1.1356852054595947,0.15694347023963928
21,20,21.124906539916992,1.046650767326355,0.08128605782985687
21,20,21.498146057128906,1.1043381690979004,-0.04315846413373947
21,20,21.870431900024414,1.0482516288757324,-0.13420210778713226
21,20,22.230043411254883,0.8591249585151672,-0.1931409388780594
21,20,22.65871238708496,0.7626499533653259,-0.025654880329966545
21,20,23.01441192626953,0.6575247049331665,0.232940673828125
21,20,23.371402740478516,0.04450343921780586,0.3447406589984894
21,20,23.769710540771484,-0.28772515058517456,0.6314293742179871
21,20,24.14572525024414,-0.27949655055999756,0.7312557101249695
21,20,24.52643585205078,-0.3843914270401001,0.8409010767936707
21,20,24.892955780029297,-0.4249703884124756,0.5799466371536255
21,20,25.273012161254883,-0.45859166979789734,0.4379671514034271
21,20,25.62527847290039,-0.3718331754207611,0.6710121035575867
21,20,26.021305084228516,-0.137413889169693,0.8740074634552002
21,20,26.38631248474121,0.17708352208137512,0.7358290553092957
21,20,26.74547576904297,0.39343416690826416,0.701991081237793
21,20,27.11257553100586,0.2752816677093506,0.8984352946281433
21,20,27.118614196777344,0.27606409788131714,0.9015478491783142
22,20,20.402362823486328,-0.21009105443954468,0.314775675535202
22,20,20.79698371887207,-0.4087466299533844,0.5025337934494019
22,20,21.15215492248535,-0.4616940915584564,0.6214000582695007
22,20,21.51112937927246,-0.1456683874130249,0.6391881704330444
22,20,21.868999481201172,-0.18495826423168182,0.6942147612571716
22,20,22.22818946838379,0.010339734144508839,0.5627574324607849
22,20,22.589881896972656,0.09047624468803406,0.495035856962204
22,20,22.739070892333984,0.09165413677692413,0.6200742125511169
23,20,20.406810760498047,0.4220634698867798,-0.8099455833435059
23,20,20.758670806884766,0.5108180642127991,-0.5295799374580383
23,20,21.131351470947266,0.30582353472709656,-0.42540106177330017
23,20,21.508203506469727,0.18500126898288727,-0.28824493288993835
23,20,21.86273193359375,0.46631431579589844,-0.25053438544273376
23,20,22.239013671875,0.5777962803840637,-0.31723901629447937
23,20,22.595123291015625,0.5819776654243469,-0.3479921519756317
23,20,22.993093490600586,0.6196513772010803,-0.4641300141811371
23,20,23.344263076782227,0.49584051966667175,-0.28063589334487915
23,20,23.733524322509766,0.4077480733394623,-0.21688462793827057
23,20,24.125185012817383,0.4078986942768097,-0.11213546246290207
23,20,24.509490966796875,0.3138639032840729,0.16213324666023254
23,20,24.900041580200195,0.18911036849021912,0.4984658658504486
23,20,25.24915313720703,0.15274974703788757,0.6619380712509155
23,20,25.619281768798828,0.30457067489624023,0.8646494150161743
23,20,26.001962661743164,0.30586233735084534,0.8036116361618042
23,20,26.370317459106445,0.38416850566864014,0.7001871466636658
23,20,26.74614906311035,0.44264715909957886,0.6891703605651855
23,20,27.103986740112305,0.5725759267807007,0.9631105661392212
23,20,27.136293411254883,0.5746369361877441,0.971420168876648
24,20,20.396625518798828,-0.21123439073562622,0.9218740463256836
24,20,20.76327133178711,-0.39284107089042664,0.8630824685096741
24,20,21.126407623291016,-0.43062305450439453,0.6086560487747192
24,20,21.47072410583496,-0.1955549418926239,0.6317360401153564
24,20,21.865646362304688,-0.11191437393426895,0.7348306179046631
24,20,22.21139144897461,0.12090598046779633,0.6834502816200256
24,20,22.59903907775879,0.2605036497116089,0.6358212232589722
24,20,22.733680725097656,0.25275859236717224,0.7497303485870361
25,20,20.41680145263672,-0.17071080207824707,0.3251805901527405
25,20,20.788381576538086,-0.31362318992614746,0.4319034516811371
25,20,21.179933547973633,-0.3779939115047455,0.5762411952018738
25,20,21.54298210144043,-0.15131878852844238,0.5098938345909119
25,20,21.89466094970703,-0.20180684328079224,0.36856794357299805
25,20,22.26886749267578,-0.24942302703857422,0.34398528933525085
25,20,22.667037963867188,0.18277838826179504,0.579083263874054
25,20,22.730411529541016,0.28291991353034973,0.7083185911178589
26,20,20.367029190063477,0.3567471206188202,-0.7818265557289124
26,20,20.78228187561035,0.5209552049636841,-0.677611768245697
26,20,21.126102447509766,0.36287134885787964,-0.6108837723731995
26,20,21.513280868530273,0.3327255845069885,-0.4102974534034729
26,20,21.890905380249023,0.41219377517700195,-0.2550579011440277
26,20,22.276151657104492,0.5937010049819946,-0.28970545530319214
26,20,22.673791885375977,0.5092328786849976,-0.04437849298119545
26,20,23.03629493713379,0.6496560573577881,0.11626384407281876
26,20,23.411144256591797,0.3845604956150055,0.15478238463401794
26,20,23.758302688598633,0.2574443221092224,0.4160846471786499
26,20,24.11733055114746,0.27291247248649597,0.5125202536582947
26,20,24.48006248474121,0.04410304129123688,0.6412997841835022
26,20,24.836530685424805,0.028798947110772133,0.7677362561225891
26,20,25.20970344543457,-0.0731632336974144,0.970535933971405
26,20,25.59297752380371,-0.08720766007900238,1.0032271146774292
26,20,25.933744430541992,-0.01957247406244278,0.8077681660652161
26,20,26.315513610839844,0.03567856177687645,0.7114105224609375
26,20,26.68934440612793,0.025968177244067192,0.6395754814147949
26,20,26.732656478881836,0.03152784705162048,0.7113373875617981
27,20,20.419300079345703,-0.7889108061790466,-0.5079118013381958
27,20,20.78497314453125,-0.5671019554138184,-0.39620283246040344
27,20,21.148296356201172,-0.36968672275543213,-0.37869131565093994
27,20,21.498577117919922,-0.05479041859507561,-0.30032211542129517
27,20,21.821247100830078,0.16670890152454376,-0.16329924762248993
27,20,22.255672454833984,0.5771196484565735,0.11992955952882767
27,20,22.636932373046875,0.5606352090835571,0.12657812237739563
27,20,22.917139053344727,0.3251025080680847,0.43643149733543396
28,20,20.400300979614258,0.8425493240356445,-0.8281509280204773
28,20,20.76040267944336,0.8895583748817444,-0.6369417905807495
28,20,21.14657211303711,0.9364785552024841,-0.5354063510894775
28,20,21.49666404724121,0.8801855444908142,-0.3270564079284668
28,20,21.88332176208496,0.7601498365402222,-0.18891151249408722
28,20,22.27427864074707,0.6509405374526978,-0.19498179852962494
28,20,22.647924423217773,0.4630502164363861,-0.06226478889584541
28,20,22.997283935546875,0.6108499765396118,0.04196041822433472
28,20,23.343170166015625,0.5313311815261841,0.17258736491203308
28,20,23.734962463378906,0.3501172959804535,0.33683645725250244
28,20,24.104286193847656,0.3647988736629486,0.4355892837047577
28,20,24.456327438354492,0.301533579826355,0.5621234178543091
28,20,24.842662811279297,0.14848113059997559,0.5993373990058899
28,20,25.220731735229492,0.10821637511253357,0.7242802381515503
28,20,25.623485565185547,0.13279826939105988,0.805262565612793
28,20,25.99898338317871,0.3372155427932739,0.7094188332557678
28,20,26.32455825805664,0.4207915663719177,0.7760481238365173
28,20,26.737213134765625,0.29845571517944336,0.9781399369239807
28,20,26.610353469848633,0.22453467547893524,1.0881761312484741
29,20,20.40961265563965,1.030316710472107,0.55241459608078
29,20,20.784372329711914,1.0322810411453247,0.6233270168304443
29,20,21.168561935424805,0.8430576324462891,0.6444399356842041
29,20,21.54018211364746,0.8138996958732605,0.6424631476402283
29,20,21.936012268066406,0.6488645672798157,0.46042653918266296
29,20,22.31767463684082,0.5914944410324097,0.4081017076969147
29,20,22.693822860717773,0.40363261103630066,0.37154272198677063
29,20,23.040231704711914,0.37090885639190674,0.45023947954177856
30,20,20.396039962768555,-0.9648167490959167,-0.3848203122615814
30,20,20.776796340942383,-0.890134871006012,-0.5238674283027649
30,20,21.148324966430664,-0.9902617335319519,-0.42880675196647644
30,20,21.524658203125,-0.730830192565918,-0.19458970427513123
30,20,21.920366287231445,-0.44413092732429504,-0.14802932739257812
30,20,22.291595458984375,-0.12417348474264145,-0.198871448636055
30,20,22.655467987060547,0.32720211148262024,-0.24275538325309753
30,20,23.033355712890625,0.42243337631225586,-0.15302930772304535
30,20,23.43478775024414,0.34428030252456665,0.027735166251659393
30,20,23.801828384399414,0.14261136949062347,0.151814267039299
30,20,24.162296295166016,0.1578388810157776,0.24744197726249695
30,20,24.547969818115234,0.13031573593616486,0.48787763714790344
30,20,24.931896209716797,0.0623805932700634,0.6126038432121277
30,20,25.30367660522461,-0.0057073673233389854,0.686884880065918
30,20,25.69270133972168,0.032062284648418427,0.8357406258583069
30,20,26.05476188659668,0.3130916655063629,0.7778192758560181
30,20,26.42572784423828,0.5062750577926636,0.8103957772254944
30,20,26.80380630493164,0.38125285506248474,0.8091455101966858
30,20,27.161054611206055,0.4685616195201874,0.9616894125938416
30,20,27.38313865661621,0.4693962037563324,1.0733566284179688
31,20,20.40627098083496,-0.7243850827217102,0.7861650586128235
31,20,20.763540267944336,-0.9327929615974426,0.9774633646011353
31,20,21.131006240844727,-0.7526623606681824,0.7913542985916138
31,20,21.52859115600586,-0.7302767038345337,0.8017395734786987
31,20,21.919776916503906,-0.6354883909225464,0.8255798816680908
31,20,22.306739807128906,-0.3816688358783722,0.8479323387145996
31,20,22.6772403717041,-0.1924307942390442,1.0264662504196167
31,20,22.734281539916992,-0.14303715527057648,1.101030707359314
32,20,20.393991470336914,0.11177761107683182,0.28294146060943604
32,20,20.76205825805664,0.0539902001619339,0.5233274102210999
32,20,21.151046752929688,-0.0036316036712378263,0.4798870086669922
32,20,21.527957916259766,-0.13977594673633575,0.45947837829589844
32,20,21.90612030029297,0.1401926577091217,0.28497281670570374
32,20,22.288978576660156,0.2673179805278778,0.09627629071474075
32,20,22.66505241394043,0.3959461450576782,0.45492812991142273
32,20,23.034013748168945,0.46329841017723083,0.44143202900886536
32,20,23.375995635986328,0.32614925503730774,0.36876678466796875
32,20,23.75389289855957,0.30515676736831665,0.5496802926063538
32,20,24.11858558654785,0.30643370747566223,0.649085283279419
32,20,24.49065589904785,0.094608835875988,0.8109118938446045
32,20,24.886722564697266,0.032477956265211105,0.8505532741546631
32,20,25.24614143371582,-0.09510035067796707,1.0625563859939575
32,20,25.627906799316406,-0.2122787982225418,0.9158470034599304
32,20,26.00843620300293,-0.08547555655241013,0.7873634696006775
32,20,26.374101638793945,0.029187176376581192,0.6582664251327515
32,20,26.768409729003906,0.1925262212753296,0.588265061378479
32,20,27.142057418823242,0.24538704752922058,0.8543660044670105
32,20,27.151498794555664,0.24438177049160004,0.8798612952232361
33,20,20.401287078857422,0.12045081704854965,-0.5108321309089661
33,20,20.75204849243164,0.09065169095993042,-0.40625128149986267
33,20,21.14067840576172,0.12203824520111084,0.020317545160651207
33,20,21.538700103759766,0.20943358540534973,0.11650072038173676
33,20,21.91292381286621,0.11743595451116562,0.1280497908592224
33,20,22.291166305541992,0.3081034719944,0.13345642387866974
33,20,22.650243759155273,0.14780324697494507,0.2390238493680954
33,20,22.807357788085938,0.09744597971439362,0.18551719188690186
34,20,20.39585304260254,-0.06546999514102936,-0.22241975367069244
34,20,20.779088973999023,-0.058722518384456635,-0.2609265148639679
34,20,21.137035369873047,-0.13359667360782623,-0.036326415836811066
34,20,21.4901065826416,0.23932938277721405,0.19253523647785187
34,20,21.86843490600586,0.4124298691749573,0.24764062464237213
34,20,22.25448226928711,0.44786226749420166,0.27344760298728943
34,20,22.632850646972656,0.37653493881225586,0.13870206475257874
34,20,22.935022354125977,0.1656693071126938,0.29270538687705994
35,20,20.394920349121094,-0.6525811553001404,-0.7999069690704346
35,20,20.75807762145996,-0.623203694820404,-0.8085472583770752
35,20,21.124086380004883,-0.06685527414083481,-0.6859613060951233
35,20,21.5063419342041,-0.08004043251276016,-0.7082213163375854
35,20,21.900407791137695,0.18342071771621704,-0.5381394028663635
35,20,22.286893844604492,0.40462836623191833,-0.38196828961372375
35,20,22.661556243896484,0.3833310306072235,-0.017461352050304413
35,20,22.977279663085938,0.12335816770792007,0.2325924187898636
36,20,20.399364471435547,0.6303417086601257,0.9217976331710815
36,20,20.761199951171875,0.4180191457271576,0.933070182800293
36,20,21.136388778686523,0.28409355878829956,1.0031226873397827
36,20,21.538639068603516,0.4956713616847992,0.9547362923622131
36,20,21.86940574645996,0.46442022919654846,0.6918729543685913
36,20,22.285629272460938,0.3952198028564453,0.5997185111045837
36,20,22.69230079650879,0.3352086544036865,0.8105344772338867
36,20,22.738861083984375,0.42352205514907837,0.9568490386009216
37,20,20.39329719543457,0.5832228660583496,-0.3070046007633209
37,20,20.77759552001953,0.45418044924736023,-0.21999837458133698
37,20,21.13844871520996,0.4888712167739868,0.10141871124505997
37,20,21.508386611938477,0.41505807638168335,-0.07212217152118683
37,20,21.916025161743164,0.3180278539657593,-0.19261273741722107
37,20,22.299022674560547,0.3766915798187256,0.032760027796030045
37,20,22.693973541259766,0.536061704158783,-0.09125867486000061
37,20,23.05293846130371,0.631585955619812,0.010317597538232803
37,20,23.408939361572266,0.6578835844993591,0.018655309453606606
37,20,23.796781539916992,0.557439386844635,0.13915669918060303
37,20,24.165870666503906,0.5632331371307373,0.23784467577934265
37,20,24.549755096435547,0.4693819284439087,0.6106013059616089
37,20,24.929277420043945,0.2854459583759308,0.6048893332481384
37,20,25.308534622192383,0.11565212160348892,0.6262153387069702
37,20,25.67159080505371,0.2720452547073364,0.6233851313591003
37,20,26.03802490234375,0.25447317957878113,0.5504592061042786
37,20,26.34731101989746,0.3075275719165802,0.5843843817710876
37,20,26.79721450805664,0.35577070713043213,0.8050395250320435
37,20,27.131114959716797,0.5816982984542847,0.9641985297203064
38,20,20.41562271118164,-0.864807665348053,0.9965758919715881
38,20,20.793678283691406,-0.8801916837692261,1.2643452882766724
38,20,21.17951774597168,-0.8163739442825317,1.2114356756210327
38,20,21.53307342529297,-0.6943289637565613,1.1847833395004272
38,20,21.92540168762207,-0.29517054557800293,1.2494755983352661
38,20,22.286211013793945,-0.3330669701099396,1.3146506547927856
38,20,22.670394897460938,-0.4157317280769348,1.368565320968628
38,20,22.73354721069336,-0.4113377332687378,1.4996954202651978
39,20,20.405025482177734,-0.19053569436073303,-0.8506076335906982
39,20,20.788768768310547,-0.2721007168292999,-0.7988492250442505
39,20,21.1773624420166,-0.2352508157491684,-0.7058635354042053
39,20,21.566259384155273,-0.13848847150802612,-0.44679486751556396
39,20,21.93531036376953,0.1338437795639038,-0.34686514735221863
39,20,22.31767463684082,0.22405244410037994,0.018322419375181198
39,20,22.70140838623047,0.37938404083251953,0.20573405921459198
39,20,23.064796447753906,0.2618074119091034,0.1457366943359375
39,20,23.434600830078125,0.23333604633808136,0.15229646861553192
39,20,23.80541229248047,0.1140228882431984,0.33488327264785767
39,20,24.192899703979492,0.11588278412818909,0.44032254815101624
39,20,24.551164627075195,0.004409200977534056,0.5826173424720764
39,20,24.916357040405273,-0.06970270723104477,0.662453830242157
39,20,25.306047439575195,0.0669717788696289,0.891633152961731
39,20,25.70174789428711,0.07582350075244904,0.8233840465545654
39,20,26.073333740234375,0.3611127436161041,0.7473106980323792
39,20,26.420612335205078,0.47388049960136414,0.5758944749832153
39,20,26.77557373046875,0.29554057121276855,0.5811204314231873
39,20,27.17171287536621,0.31346267461776733,0.7842797040939331
39,20,27.53792381286621,0.2093382179737091,0.931056797504425
39,20,27.920360565185547,0.21459391713142395,1.0723512172698975
39,20,28.282577514648438,-0.021421927958726883,1.36714506149292
39,20,28.64543914794922,-0.12863536179065704,1.1865836381912231
39,20,29.01010513305664,-0.200018972158432,1.0456825494766235
39,20,29.390302658081055,-0.027846727520227432,1.0553380250930786
39,20,29.750850677490234,-0.03621362894773483,0.8818905353546143
39,20,30.123992919921875,0.029610730707645416,0.7715527415275574
39,20,30.50047492980957,0.0325542613863945,0.7604768872261047
39,20,30.90018653869629,0.1412438154220581,0.7466321587562561
40,20,20.41244125366211,0.12395365536212921,1.1177414655685425
40,20,20.77322769165039,0.04589392989873886,1.158194899559021
40,20,21.143144607543945,0.2504724860191345,1.1004164218902588
40,20,21.53536605834961,0.3627570569515228,0.8982961177825928
40,20,21.91826820373535,0.36736124753952026,0.8359389901161194
40,20,22.307899475097656,0.5270845293998718,0.6517494916915894
40,20,22.706289291381836,0.5201838612556458,0.7256448268890381
40,20,22.730113983154297,0.5843845009803772,0.7334109544754028
41,20,20.415252685546875,-0.00832632090896368,-0.40535491704940796
41,20,20.76778793334961,0.16785579919815063,-0.3806169927120209
41,20,21.152873992919922,0.15647388994693756,-0.18053555488586426
41,20,21.52768325805664,0.16852618753910065,-0.05486106127500534
41,20,21.891483306884766,0.08487613499164581,-0.0909096822142601
41,20,22.289920806884766,0.09563619643449783,0.1627843976020813
41,20,22.66262435913086,-0.00787211675196886,0.02326848916709423
41,20,22.71219825744629,-0.0157779473811388,0.12584306299686432
42,20,20.39830780029297,0.7162410616874695,-0.5423049330711365
42,20,20.749324798583984,0.7425411343574524,-0.41556715965270996
42,20,21.13520050048828,0.6012873649597168,-0.33597660064697266
42,20,21.51341438293457,0.47230231761932373,-0.30057376623153687
42,20,21.891849517822266,0.5737795233726501,-0.1372457593679428
42,20,22.279476165771484,0.5714138150215149,0.023734893649816513
42,20,22.65047836303711,0.5160585641860962,0.13641254603862762
42,20,23.021434783935547,0.3143903911113739,0.20637904107570648
42,20,23.16788101196289,0.204698845744133,0.3463173508644104
43,20,20.390779495239258,-1.158532977104187,-0.33245325088500977
43,20,20.757335662841797,-0.9345049262046814,-0.3749077618122101
43,20,21.147531509399414,-0.7501935958862305,-0.20465466380119324
43,20,21.54088020324707,-0.6493367552757263,-0.2990972697734833
43,20,21.91724395751953,-0.4929695129394531,-0.16463610529899597
43,20,22.279638290405273,-0.21033242344856262,-0.19929200410842896
43,20,22.652090072631836,0.36214107275009155,-0.03436046466231346
43,20,23.020092010498047,0.2936866283416748,0.058171119540929794
43,20,23.20000648498535,0.09683974087238312,0.1633993238210678
44,20,20.392864227294922,0.25038331747055054,0.5230364799499512
44,20,20.757997512817383,0.2089996635913849,0.6034764647483826
44,20,21.136146545410156,0.040456779301166534,0.45768821239471436
44,20,21.52082061767578,0.09940262883901596,0.2775993049144745
44,20,21.896390914916992,0.08130715042352676,0.09925410151481628
44,20,22.2565860748291,0.42479407787323,0.029424190521240234
44,20,22.644193649291992,0.5591247081756592,0.18277761340141296
44,20,22.97905158996582,0.3329339623451233,0.43621841073036194
44,20,22.98733139038086,0.328770250082016,0.4389905333518982
45,20,20.401607513427734,-0.30715590715408325,0.020435838028788567
45,20,20.75802993774414,-0.2520611584186554,-0.0027901886496692896
45,20,21.161596298217773,-0.07291089743375778,0.02800426445901394
45,20,21.520822525024414,0.00342636089771986,0.18371683359146118
45,20,21.929800033569336,0.3320842981338501,0.44923126697540283
45,20,22.3084659576416,0.3259541988372803,0.28577032685279846
45,20,22.686681747436523,0.16020715236663818,0.1749195009469986
45,20,22.954975128173828,0.12380968034267426,0.2391270250082016
46,20,20.401342391967773,-0.6555979251861572,0.24253685772418976
46,20,20.743934631347656,-0.6861439943313599,0.3463355302810669
46,20,21.125532150268555,-0.48738986253738403,0.45386770367622375
46,20,21.49046516418457,-0.23012606799602509,0.42696303129196167
46,20,21.86894416809082,-0.0642608106136322,0.5063976645469666
46,20,22.23048973083496,-0.04491425305604935,0.5664442181587219
46,20,22.60655403137207,-0.028588108718395233,0.3672012984752655
46,20,22.732404708862305,0.05819474533200264,0.3340405225753784
47,20,20.40104866027832,-0.5354185700416565,0.30653154850006104
47,20,20.7642765045166,-0.29950469732284546,0.45276525616645813
47,20,21.139190673828125,-0.481970876455307,0.7258159518241882
47,20,21.508346557617188,-0.4928128719329834,0.6755506992340088
47,20,21.884113311767578,-0.441243052482605,0.847195029258728
47,20,22.26259994506836,-0.20924316346645355,0.933851957321167
47,20,22.65215492248535,-0.1233750507235527,1.209240198135376
47,20,22.733095169067383,-0.09996657818555832,1.3586798906326294
48,20,19.59296989440918,-0.5181974768638611,-0.7386301159858704
49,20,20.38960838317871,-0.6856693625450134,0.30103152990341187
49,20,20.76735496520996,-0.7858814001083374,0.3805010914802551
49,20,21.139612197875977,-0.7725427746772766,0.4199652075767517
49,20,21.53606414794922,-0.6831189393997192,0.3333047330379486
49,20,21.898292541503906,-0.8525642156600952,0.048380278050899506
49,20,22.276264190673828,-0.5566259622573853,-0.09367899596691132
49,20,22.629526138305664,-0.2899406850337982,-0.14109548926353455
49,20,22.731918334960938,-0.21065586805343628,-0.04933514446020126
50,20,20.41460418701172,0.38778629899024963,1.0070698261260986
50,20,20.79347801208496,0.38611671328544617,1.0618315935134888
50,20,21.172523498535156,0.6319215297698975,1.1590540409088135
50,20,21.55575942993164,0.800551176071167,1.2469000816345215
50,20,21.939245223999023,0.7784841656684875,1.2286038398742676
50,20,22.317935943603516,0.8383288979530334,1.1651637554168701
50,20,22.70512580871582,0.8469699621200562,1.2702285051345825
50,20,22.732704162597656,0.8628878593444824,1.3636345863342285
51,20,20.419416427612305,0.3635198473930359,-0.2909049689769745
51,20,20.78089141845703,0.47309282422065735,-0.2944287657737732
51,20,21.144298553466797,0.4075366258621216,-0.15935559570789337
51,20,21.529979705810547,0.3563089668750763,-0.00552039360627532
51,20,21.897220611572266,0.2503872513771057,-0.014571833424270153
51,20,22.26943588256836,0.4282670021057129,-0.026700692251324654
51,20,22.646530151367188,0.46257734298706055,-0.06152740865945816
51,20,23.05213737487793,0.4256022870540619,0.08842384070158005
51,20,23.424266815185547,0.27541881799697876,0.1889449506998062
51,20,23.793670654296875,0.12039168924093246,0.4168562889099121
51,20,24.160253524780273,0.13357342779636383,0.5548930764198303
51,20,24.536474227905273,0.12535251677036285,0.6809249520301819
51,20,24.91651725769043,-0.08732340484857559,0.7020667791366577
51,20,25.300928115844727,-0.07713396102190018,0.7959766983985901
51,20,25.673505783081055,-0.03399358317255974,0.8662803173065186
51,20,26.05510902404785,0.04587094858288765,0.7761656641960144
51,20,26.40750503540039,0.2745654284954071,0.6721750497817993
51,20,26.780372619628906,0.4212365746498108,0.6549140214920044
51,20,27.1660099029541,0.38555094599723816,0.8387972712516785
51,20,27.17512321472168,0.3780812621116638,0.9523162841796875
52,20,20.39859390258789,0.9580792784690857,-0.24012942612171173
52,20,20.768653869628906,0.9272635579109192,-0.17611010372638702
52,20,21.150129318237305,0.828741192817688,0.1741727739572525
52,20,21.54014778137207,0.7607619166374207,0.24256615340709686
52,20,21.892547607421875,0.6600958704948425,0.3976432681083679
52,20,22.25213623046875,0.6126319169998169,0.3060474097728729
52,20,22.65611457824707,0.24755999445915222,0.08213536441326141
52,20,23.013668060302734,0.0873757153749466,0.14304952323436737
52,20,23.04570960998535,0.08627233654260635,0.15011216700077057
53,20,20.4097957611084,-0.15453802049160004,-0.6566060781478882
53,20,20.786325454711914,-0.18769927322864532,-0.2991463243961334
53,20,21.158119201660156,-0.19149149954319,-0.12321023643016815
53,20,21.537940979003906,0.13537286221981049,0.05920124799013138
53,20,21.91387367248535,0.389310359954834,0.16412468254566193
53,20,22.281810760498047,0.48827654123306274,0.25673219561576843
53,20,22.67104148864746,0.3794385492801666,0.190063014626503
53,20,22.91857147216797,0.18016941845417023,0.31250321865081787
54,20,20.41741180419922,-0.08839293569326401,0.9962881207466125
54,20,20.784061431884766,-0.20328299701213837,0.7612513303756714
54,20,21.16124725341797,-0.2441478669643402,0.94096440076828
54,20,21.560468673706055,-0.2612411677837372,0.84392911195755
54,20,21.930936813354492,-0.16905461251735687,0.9460251331329346
54,20,22.320148468017578,0.13263563811779022,0.7845920324325562
54,20,22.695384979248047,0.3941732347011566,0.9469128847122192
54,20,22.745014190673828,0.35805749893188477,1.1437466144561768
55,20,20.400880813598633,-0.552381694316864,-0.6268373727798462
55,20,20.764368057250977,-0.5361103415489197,-0.6769981980323792
55,20,21.1458740234375,-0.542216420173645,-0.5227956771850586
55,20,21.527477264404297,-0.5905153751373291,-0.3841712772846222
55,20,21.907379150390625,-0.261568546295166,0.09263591468334198
55,20,22.17575454711914,0.030964411795139313,0.07230691611766815
55,20,22.68548583984375,0.45898592472076416,0.0967460498213768
55,20,22.988195419311523,0.3164879381656647,0.42608770728111267
55,20,23.444318771362305,-0.00294043542817235,0.36658552289009094
56,20,20.422204971313477,-1.0713186264038086,0.002463555196300149
56,20,20.78455924987793,-1.1571632623672485,0.23908209800720215
56,20,21.15374183654785,-0.8644052147865295,0.42585912346839905
56,20,21.517108917236328,-0.44320249557495117,0.3882770538330078
56,20,21.8942813873291,-0.3056693375110626,0.15491795539855957
56,20,22.263824462890625,-0.0843464806675911,-0.06183362007141113
56,20,22.65435791015625,0.3507470488548279,-0.0006909703952260315
56,20,23.053617477416992,0.4096637964248657,0.06544473767280579
56,20,23.417396545410156,0.12906596064567566,0.22800707817077637
56,20,23.78342628479004,0.10318122804164886,0.4614272117614746
56,20,24.157743453979492,0.10651090741157532,0.5990617275238037
56,20,24.45761489868164,-0.0231205765157938,0.6856967806816101
56,20,24.883869171142578,-0.35525789856910706,0.8415833115577698
56,20,25.252573013305664,-0.29055505990982056,0.8800191879272461
56,20,25.62339973449707,-0.2982140779495239,0.8299986720085144
56,20,25.99380111694336,-0.061681728810071945,0.9119322896003723
56,20,26.365734100341797,-0.09956707805395126,0.8468751311302185
56,20,26.73609733581543,0.0023172616492956877,0.9193894863128662
56,20,26.730653762817383,0.05725990980863571,0.9773139953613281
57,20,20.40028953552246,-0.7656583786010742,0.11276885867118835
57,20,20.75290298461914,-0.6190866827964783,0.27339690923690796
57,20,21.11648941040039,-0.6639204025268555,0.37638282775878906
57,20,21.47768211364746,-0.44963690638542175,0.30591315031051636
57,20,21.846534729003906,0.004406938329339027,0.4081641435623169
57,20,22.219940185546875,0.2695865035057068,0.4645269811153412
57,20,22.58516502380371,0.32565978169441223,0.29944223165512085
57,20,22.971059799194336,0.11268140375614166,0.12971338629722595
57,20,23.054569244384766,0.09524798393249512,0.1772976815700531
58,20,20.39960289001465,0.5274261832237244,0.0019414662383496761
58,20,20.78626823425293,0.6391876935958862,0.17823943495750427
58,20,21.145179748535156,0.5207249522209167,0.452413409948349
58,20,21.54619789123535,0.432391881942749,0.3013048768043518
58,20,21.912029266357422,0.41101211309432983,0.1530732810497284
58,20,22.294879913330078,0.42372363805770874,0.035466793924570084
58,20,22.67434310913086,0.36768481135368347,0.0028274820651859045
58,20,23.035078048706055,0.15872110426425934,0.09508243203163147
58,20,23.40801429748535,-0.03128518536686897,0.13707849383354187
58,20,23.76701545715332,-0.023889943957328796,0.39496344327926636
58,20,24.15397834777832,-0.024247650057077408,0.49946364760398865
58,20,24.534461975097656,-0.11822957545518875,0.666408360004425
58,20,24.90459442138672,-0.17669537663459778,0.570924699306488
58,20,25.27198028564453,-0.1496044546365738,0.7746985554695129
58,20,25.670305252075195,0.03447699919342995,0.7999377846717834
58,20,26.033077239990234,0.24143023788928986,0.8348814249038696
58,20,26.39869499206543,0.38242441415786743,0.9622489213943481
58,20,26.786434173583984,0.3779985308647156,0.8793861865997314
58,20,26.90363311767578,0.38721606135368347,0.9571321606636047
59,20,20.40491485595703,0.6756651401519775,0.21744246780872345
59,20,20.786624908447266,0.5773522257804871,0.2338596135377884
59,20,21.194055557250977,0.2860327363014221,0.09294221550226212
59,20,21.560638427734375,0.003406648524105549,0.11135514825582504
59,20,21.942184448242188,0.15410399436950684,0.3853161633014679
59,20,22.311208724975586,0.23009589314460754,0.25649139285087585
59,20,22.70310401916504,0.21942949295043945,0.13364838063716888
59,20,23.06474494934082,0.13105538487434387,0.1072545126080513
59,20,23.248783111572266,0.15923473238945007,0.2224421203136444
60,20,20.41334342956543,-0.2688526213169098,0.7837808728218079
60,20,20.79399871826172,-0.2901870012283325,0.8668453693389893
60,20,21.157949447631836,-0.4415604770183563,0.7403284907341003
60,20,21.540531158447266,-0.313902884721756,0.8234996795654297
60,20,21.9073429107666,-0.20429423451423645,0.9448197484016418
60,20,22.291303634643555,-0.17286834120750427,0.9010794758796692
60,20,19.25894546508789,0.022818369790911674,1.3236629962921143
60,20,20.39476776123047,0.38439634442329407,1.4051826000213623
61,20,20.410959243774414,0.03273540735244751,-0.06375531107187271
61,20,20.78627586364746,0.12281440198421478,0.1690361350774765
61,20,21.156654357910156,0.29656165838241577,0.2992614507675171
61,20,21.54405403137207,0.17288003861904144,0.14759419858455658
61,20,21.93715476989746,0.2637045085430145,0.09067104756832123
61,20,22.308332443237305,0.24057146906852722,0.2842501997947693
61,20,22.70174789428711,0.336302250623703,0.32900702953338623
61,20,22.975135803222656,0.15984830260276794,0.2839314043521881
62,20,20.388893127441406,-0.6813609004020691,0.32546499371528625
62,20,20.74521255493164,-0.5874482989311218,0.4164791703224182
62,20,21.19548988342285,-0.6417890191078186,0.46139174699783325
62,20,21.57085418701172,-0.6018232703208923,0.4585951268672943
62,20,21.948503494262695,-0.40241336822509766,0.3210812211036682
62,20,22.330570220947266,-0.06084916368126869,0.39751091599464417
62,20,22.71938133239746,0.1523115634918213,0.45499342679977417
62,20,22.737369537353516,0.1287313550710678,0.5745007991790771
63,20,20.401277542114258,-0.04189407825469971,0.08677554875612259
63,20,20.76262664794922,-0.2146679013967514,0.2241431623697281
63,20,21.13367462158203,-0.2512105107307434,0.5338924527168274
63,20,21.51045799255371,-0.3399440348148346,0.5645632147789001
63,20,21.88365936279297,-0.3833436071872711,0.5684965252876282
63,20,22.271575927734375,-0.21952581405639648,0.5648051500320435
63,20,22.661312103271484,-0.04451242834329605,0.7420287728309631
63,20,22.737699508666992,-0.02506912872195244,1.0051555633544922
64,20,20.420637130737305,0.6466171741485596,-0.047143515199422836
64,20,20.7816162109375,0.535845935344696,0.07374279201030731
64,20,21.164316177368164,0.34882625937461853,0.09738477319478989
64,20,21.54102897644043,0.31740155816078186,-0.01736835390329361
64,20,21.92144012451172,0.2162284553050995,-0.06153112277388573
64,20,22.309337615966797,0.41633203625679016,0.003301482181996107
64,20,22.68910789489746,0.6704298257827759,0.0009133863495662808
64,20,23.073490142822266,0.5947585105895996,0.16064421832561493
64,20,23.425167083740234,0.5177004337310791,0.2213122844696045
64,20,23.83078384399414,0.40488341450691223,0.2967890799045563
64,20,24.222707748413086,0.40533044934272766,0.40184667706489563
64,20,24.606327056884766,0.26829764246940613,0.7073970437049866
64,20,24.98849868774414,0.10689399391412735,0.8819602131843567
64,20,25.37335205078125,0.027036653831601143,0.9970735907554626
64,20,25.72820281982422,0.2032799869775772,0.8793899416923523
64,20,26.12158966064453,0.10713329166173935,0.9207203388214111
64,20,26.50636100769043,0.24667589366436005,1.136678695678711
64,20,26.739503860473633,0.19357259571552277,0.9183630347251892
65,20,20.406896591186523,0.06363040953874588,0.5350807309150696
65,20,20.78217315673828,0.06406046450138092,0.5252153873443604
65,20,21.153480529785156,-0.12113163620233536,0.34462395310401917
65,20,21.53599739074707,-0.3185811936855316,0.49382078647613525
65,20,21.913591384887695,-0.26375868916511536,0.30578747391700745
65,20,22.310558319091797,-0.24462829530239105,0.10138894617557526
65,20,22.673444747924805,-0.08349718153476715,-0.047258928418159485
65,20,22.685131072998047,-0.050749968737363815,0.0181964673101902
66,20,20.39476203918457,-0.9284758567810059,0.7401093244552612
66,20,20.775421142578125,-0.9032166004180908,1.037344217300415
66,20,21.160961151123047,-0.6542072892189026,1.168229341506958
66,20,21.527076721191406,-0.5510642528533936,1.3331257104873657
66,20,21.912567138671875,-0.3843272626399994,1.3373568058013916
66,20,22.286823272705078,-0.3018345832824707,1.5383739471435547
66,20,22.674360275268555,-0.4948788583278656,1.7360683679580688
66,20,22.73283576965332,-0.4888826310634613,1.7773696184158325
67,20,20.40359115600586,-0.9116400480270386,-0.7358818650245667
67,20,20.773296356201172,-0.9352238774299622,-0.8898507356643677
67,20,21.1401309967041,-0.8863736391067505,-0.9759988188743591
67,20,21.510637283325195,-0.7676252722740173,-0.6439692378044128
67,20,21.87899398803711,-0.5941084623336792,-0.44444745779037476
67,20,22.251728057861328,-0.15940670669078827,-0.38303321599960327
67,20,22.64750862121582,0.24580423533916473,-0.13095779716968536
67,20,23.021793365478516,0.1473032683134079,-0.2770761251449585
67,20,23.140321731567383,0.11725383251905441,-0.2961030602455139
68,20,20.390716552734375,-0.7219628691673279,0.24012668430805206
68,20,20.778106689453125,-0.8010208606719971,0.2088308334350586
68,20,21.14750862121582,-0.7096937894821167,0.40264877676963806
68,20,21.537353515625,-0.601923942565918,0.29885387420654297
68,20,21.931337356567383,-0.44605711102485657,0.25338324904441833
68,20,22.311275482177734,0.09799738973379135,0.41855353116989136
68,20,22.70492935180664,0.2685660123825073,0.6242731809616089
68,20,22.740140914916992,0.2090131938457489,0.7452741861343384
69,20,20.399003982543945,0.4601745903491974,0.7014073729515076
69,20,20.761327743530273,0.4292784035205841,0.6226200461387634
69,20,21.152511596679688,0.35320180654525757,0.6416406035423279
69,20,21.533145904541016,0.18714429438114166,0.58675217628479
69,20,21.919002532958984,0.24438993632793427,0.37991195917129517
69,20,22.31463623046875,0.17178121209144592,0.17952854931354523
69,20,22.716264724731445,0.11334017664194107,0.19806481897830963
69,20,22.722375869750977,0.12537150084972382,0.009286021813750267
70,20,20.412349700927734,0.4381946325302124,1.1626386642456055
70,20,20.78217887878418,0.41421210765838623,1.3363456726074219
70,20,21.153154373168945,0.43430277705192566,1.1877644062042236
70,20,21.546953201293945,0.3628762662410736,1.390985369682312
70,20,21.930023193359375,0.2988812327384949,1.0837527513504028
70,20,22.310348510742188,0.18059274554252625,1.0370126962661743
70,20,22.69597053527832,0.06332173198461533,1.093247652053833
70,20,22.743581771850586,0.07424287497997284,1.204304575920105
71,20,20.398921966552734,-0.09507802873849869,-0.4514968693256378
71,20,20.77155303955078,0.087469182908535,-0.10603322088718414
71,20,21.165861129760742,0.017514245584607124,0.07389825582504272
71,20,21.56584358215332,0.25288650393486023,0.04541202262043953
71,20,21.946361541748047,0.5676315426826477,-0.0346410907804966
71,20,22.31521224975586,0.3368545174598694,-0.2692415416240692
71,20,22.70815086364746,0.4230130910873413,-0.2554257810115814
71,20,23.076507568359375,0.4951556324958801,-0.13072556257247925
71,20,23.44761085510254,0.3542799651622772,-0.17338493466377258
71,20,23.82431983947754,0.44584545493125916,0.05986980348825455
71,20,24.21299171447754,0.4442790448665619,0.16644786298274994
71,20,24.59910774230957,0.24459969997406006,0.5408709049224854
71,20,24.995433807373047,0.20918725430965424,0.7888078093528748
71,20,25.37017250061035,0.1551506668329239,0.9268009662628174
71,20,25.74867820739746,0.20246541500091553,0.7193855047225952
71,20,26.10594367980957,0.011853809468448162,0.6750277280807495
71,20,26.47880744934082,0.13957300782203674,0.6068288087844849
71,20,26.835689544677734,0.229539692401886,0.47547316551208496
71,20,27.186424255371094,0.3502153754234314,0.6357710957527161
71,20,27.570539474487305,0.3064746856689453,0.9814756512641907
71,20,27.96501350402832,0.3064095973968506,1.0888404846191406
71,20,28.348716735839844,0.2519349753856659,1.2756750583648682
71,20,28.73992156982422,-0.046279411762952805,1.0974889993667603
71,20,29.12239646911621,-0.14910785853862762,1.1847931146621704
71,20,29.494230270385742,-0.19939826428890228,1.1427961587905884
71,20,29.871200561523438,-0.08950824290513992,0.968338131904602
71,20,30.252487182617188,-0.12875734269618988,0.8782204389572144
71,20,30.65888023376465,-0.0556194968521595,1.010051965713501
71,20,30.741945266723633,0.015221098437905312,0.9867072701454163
72,20,20.4073543548584,-0.2404651641845703,0.8906653523445129
72,20,20.778650283813477,-0.39720144867897034,0.9947810769081116
72,20,21.15260124206543,-0.49927785992622375,0.8621136546134949
72,20,21.541982650756836,-0.45913031697273254,0.8055455088615417
72,20,21.950668334960938,-0.2385682612657547,0.748857855796814
72,20,22.322128295898438,-0.09339369833469391,0.9516131281852722
72,20,22.714078903198242,0.0578111857175827,1.2505909204483032
72,20,22.73414421081543,0.06790146231651306,1.2630600929260254
73,20,20.41534423828125,-0.10085281729698181,-0.7333922982215881
73,20,20.78445816040039,-0.19452805817127228,-0.5018410086631775
73,20,21.161752700805664,-0.01651202142238617,-0.028275569900870323
73,20,21.54872703552246,0.18147452175617218,-0.16752760112285614
73,20,21.927581787109375,0.15520122647285461,-0.15325705707073212
73,20,22.320138931274414,0.44809606671333313,0.14856408536434174
73,20,22.697317123413086,0.5639050006866455,0.26090291142463684
73,20,23.08799171447754,0.4534468650817871,0.3660070598125458
73,20,23.467052459716797,0.2560891807079315,0.507387101650238
73,20,23.846603393554688,0.23835033178329468,0.38212135434150696
73,20,24.230323791503906,0.23911923170089722,0.48662978410720825
73,20,24.612709045410156,0.14364348351955414,0.551074206829071
73,20,24.978315353393555,0.14912138879299164,0.7311639189720154
73,20,25.369245529174805,0.31100982427597046,0.8114728927612305
73,20,25.730268478393555,0.24233590066432953,0.6714281439781189
73,20,26.093780517578125,0.1544037163257599,0.472584068775177
73,20,26.47112464904785,0.2724911868572235,0.44049009680747986
73,20,26.84811019897461,0.24486340582370758,0.45339086651802063
73,20,27.24123191833496,0.2735011577606201,0.6648097038269043
73,20,27.607328414916992,0.44912204146385193,0.8407223224639893
73,20,27.97870635986328,0.00880239438265562,0.942653238773346
73,20,28.357240676879883,0.019244352355599403,1.0244702100753784
73,20,28.736637115478516,-0.1855800747871399,0.9483642578125
73,20,29.113407135009766,-0.4071413576602936,0.9915331602096558
73,20,29.422109603881836,-0.3574521839618683,0.8471114039421082
73,20,29.865158081054688,-0.05926807224750519,0.887319803237915
73,20,30.259403228759766,-0.09817773848772049,0.7697783708572388
73,20,30.644704818725586,0.35113027691841125,0.5219001770019531
73,20,31.013212203979492,0.2090531289577484,0.8536597490310669
73,20,31.013212203979492,0.2090531289577484,0.8536597490310669
74,20,20.394458770751953,0.6853728890419006,0.11344815790653229
74,20,20.708303451538086,0.543585479259491,0.1662779599428177
74,20,21.11516761779785,0.5322727560997009,0.4072318971157074
74,20,21.475698471069336,0.48714837431907654,0.3739626109600067
74,20,21.845439910888672,0.5163711905479431,0.3459845781326294
74,20,22.231964111328125,0.6932458281517029,0.1894620805978775
74,20,22.630950927734375,0.5866706371307373,0.22591523826122284
74,20,23.002222061157227,0.6978948712348938,0.40945112705230713
74,20,23.38262367248535,0.2814995050430298,0.4983404576778412
74,20,23.74379539489746,0.3663864731788635,0.6434965133666992
74,20,24.134668350219727,0.3653630018234253,0.7484505772590637
74,20,24.509166717529297,0.3692951500415802,0.9445532560348511
74,20,24.885839462280273,0.34251928329467773,0.9131032228469849
74,20,25.2495059967041,0.2313280999660492,1.0843143463134766
74,20,25.625951766967773,0.1977008581161499,0.9449014663696289
74,20,26.01590347290039,0.19357521831989288,0.8796994090080261
74,20,26.40292739868164,0.36422133445739746,0.7565247416496277
74,20,26.76995849609375,0.4006149172782898,0.7419919371604919
74,20,27.134567260742188,0.46656784415245056,0.86272794008255
74,20,27.519603729248047,0.4625401198863983,0.9910151958465576
74,20,27.894325256347656,0.46251747012138367,1.0922504663467407
74,20,28.267520904541016,0.46239450573921204,1.192659616470337
74,20,28.650678634643555,0.26310622692108154,1.0640485286712646
74,20,29.01387596130371,-0.06079420819878578,0.9775249361991882
74,20,29.406904220581055,-0.13417740166187286,0.7299017906188965
74,20,29.771129608154297,0.0828886404633522,0.8965370655059814
74,20,30.13298988342285,0.19888260960578918,0.8085737228393555
74,20,30.513717651367188,0.4141238033771515,0.6387509703636169
74,20,30.86629295349121,0.5141825675964355,0.6950491070747375
74,20,31.24545669555664,0.38084977865219116,0.9205955266952515
74,20,31.60100555419922,0.14748413860797882,1.1880810260772705
74,20,31.97641944885254,0.1598498821258545,1.289350986480713
74,20,32.35308837890625,0.1083981841802597,1.2729718685150146
74,20,32.720726013183594,-0.1027228832244873,1.0809664726257324
74,20,33.087589263916016,-0.035730719566345215,1.038846492767334
74,20,33.440391540527344,-0.07391513884067535,0.7942282557487488
74,20,33.82466506958008,-0.1767273098230362,0.6203007102012634
74,20,34.192073822021484,-0.1064876839518547,0.37374985218048096
74,20,34.561954498291016,0.031227601692080498,-0.006456460803747177
74,20,34.92556381225586,-0.0803513303399086,0.03380952775478363
74,20,35.2920036315918,-0.0448245033621788,0.25004738569259644
74,20,35.66688919067383,-0.1178428903222084,0.22893042862415314
74,20,36.04286575317383,-0.1151154488325119,0.3707055449485779
74,20,36.42176055908203,-0.2817133963108063,0.3402314782142639
74,20,36.79057693481445,-0.29773956537246704,0.4974297285079956
74,20,37.16953659057617,-0.2754673659801483,0.6079875230789185
74,20,37.538963317871094,-0.38255923986434937,0.5782873630523682
74,20,37.90704345703125,-0.14535509049892426,0.6286213397979736
74,20,38.26856231689453,-0.05728917941451073,0.5913770198822021
74,20,38.63978958129883,0.15980765223503113,0.8383512496948242
74,20,38.7337760925293,0.06851466000080109,0.7998862862586975
75,20,20.40027618408203,0.5423206686973572,0.3210980296134949
75,20,20.784191131591797,0.47631898522377014,0.5954044461250305
75,20,21.170087814331055,0.4203198254108429,0.4886414110660553
75,20,21.55813217163086,0.41103214025497437,0.38482925295829773
75,20,21.935401916503906,0.4642554223537445,0.29159852862358093
75,20,22.31168556213379,0.47117552161216736,0.06421320140361786
75,20,22.712915420532227,0.3988679349422455,-0.04754341393709183
75,20,23.086023330688477,0.4898049533367157,-0.054336197674274445
75,20,23.472074508666992,0.4142490327358246,0.14567598700523376
75,20,23.841625213623047,0.19574663043022156,0.32283836603164673
75,20,24.220794677734375,0.2015305906534195,0.42602935433387756
75,20,24.59709930419922,0.09751719981431961,0.692227303981781
75,20,24.98467445373535,-0.05283915251493454,0.6429852247238159
75,20,25.365732192993164,-0.1432599127292633,0.7775304317474365
75,20,25.620296478271484,-0.15671110153198242,0.860737144947052
75,20,26.10997200012207,-0.10595963150262833,0.7649006247520447
75,20,26.495073318481445,-0.024181757122278214,0.7306898832321167
75,20,26.74738883972168,0.08154446631669998,0.8814385533332825
76,20,20.39369773864746,0.9191238880157471,0.321623831987381
76,20,20.75792121887207,0.984576940536499,0.4133833944797516
76,20,21.13977813720703,0.7224558591842651,0.3178323209285736
76,20,21.53078269958496,0.4971529245376587,0.34906789660453796
76,20,21.91365623474121,0.40067243576049805,0.440092533826828
76,20,22.28925895690918,0.4680677354335785,0.30456241965293884
76,20,22.674598693847656,0.30569151043891907,0.3584969937801361
76,20,22.884328842163086,0.11423362791538239,0.2200191617012024
77,20,20.407514572143555,1.0802005529403687,-0.7707632780075073
77,20,20.775922775268555,1.1516467332839966,-0.6418324112892151
77,20,21.156776428222656,1.1283079385757446,-0.5522722601890564
77,20,21.521657943725586,1.0634506940841675,-0.15845052897930145
77,20,21.922588348388672,0.9437248706817627,-0.2357683628797531
77,20,22.31351661682129,0.6700447797775269,-0.18865694105625153
77,20,22.695261001586914,0.5792104601860046,-0.326388955116272
77,20,23.06718635559082,0.6036096811294556,-0.22783419489860535
77,20,23.438783645629883,0.44444361329078674,-0.023342294618487358
77,20,23.733749389648438,0.5010097026824951,0.09369238466024399
77,20,24.230052947998047,0.5205116868019104,0.27146732807159424
77,20,24.615507125854492,0.38856589794158936,0.647315502166748
77,20,25.005870819091797,0.18714089691638947,0.6072220206260681
77,20,25.385908126831055,0.12286531180143356,0.9515558481216431
77,20,25.762760162353516,0.04204142466187477,0.9924243688583374
77,20,26.138601303100586,0.13598935306072235,1.0326578617095947
77,20,26.524076461791992,-0.015022401697933674,0.9855629801750183
77,20,26.74024772644043,0.11819444596767426,1.021204948425293
78,20,20.408794403076172,0.8178163766860962,0.8700504302978516
78,20,20.790748596191406,0.5931280851364136,0.8022545576095581
78,20,21.15450096130371,0.37912893295288086,0.8179742097854614
78,20,21.546695709228516,0.32220354676246643,0.9316778182983398
78,20,21.929882049560547,0.24679914116859436,0.6834635734558105
78,20,22.320411682128906,0.27672693133354187,0.4743999242782593
78,20,22.71131134033203,0.3765578866004944,0.3105617165565491
78,20,23.092008590698242,0.10945876687765121,0.1382480263710022
78,20,23.198280334472656,0.11203338205814362,0.20105324685573578
79,20,20.391159057617188,-0.3640303611755371,-0.7961116433143616
79,20,20.76589584350586,-0.3644050061702728,-0.7034098505973816
79,20,21.152069091796875,-0.30691248178482056,-0.4214858114719391
79,20,21.530420303344727,-0.21075017750263214,-0.30551877617836
79,20,21.908466339111328,0.12231225520372391,-0.24412639439105988
79,20,22.28792381286621,0.354460209608078,0.07609591633081436
79,20,22.652746200561523,0.45418936014175415,0.2784024477005005
79,20,23.03891944885254,0.3606710731983185,0.18335255980491638
79,20,23.402755737304688,0.10675448924303055,0.27060624957084656
79,20,23.788150787353516,0.01119882520288229,0.42693275213241577
79,20,24.18806266784668,0.009666772559285164,0.5372754335403442
79,20,24.550756454467773,-0.02354707010090351,0.7731277942657471
79,20,24.930055618286133,-0.22375117242336273,0.595180332660675
79,20,25.311769485473633,-0.09843970090150833,0.7121607065200806
79,20,25.67360496520996,0.010345043614506721,0.8560092449188232
79,20,26.04606056213379,0.10989739000797272,0.8248851299285889
79,20,26.433937072753906,0.11635301262140274,0.8566911220550537
79,20,26.749826431274414,0.13061855733394623,0.8061707615852356
79,20,26.759183883666992,0.1758119910955429,0.8471805453300476
80,20,20.400005340576172,0.46072909235954285,-0.050180599093437195
80,20,20.745756149291992,0.42132335901260376,0.015152315609157085
80,20,21.12856101989746,0.4614662826061249,0.10787909477949142
80,20,21.49785804748535,0.1617254614830017,0.0644463300704956
80,20,21.775548934936523,0.10791260749101639,-0.017627215012907982
80,20,22.256237030029297,-0.089161716401577,0.05717918276786804
80,20,22.656312942504883,-0.14247500896453857,-0.0800129696726799
80,20,22.667675018310547,-0.03879217058420181,-0.028660258278250694
81,20,20.400915145874023,-0.807593047618866,-0.6236156821250916
81,20,20.6636962890625,-0.7649057507514954,-0.5978628396987915
81,20,21.157995223999023,-0.5303179621696472,-0.4283401370048523
81,20,21.55133056640625,-0.34851282835006714,-0.4035055339336395
81,20,21.919742584228516,0.09186115860939026,-0.13007107377052307
81,20,22.29820442199707,0.47851455211639404,-0.2846624255180359
81,20,22.66155433654785,0.4910551607608795,-0.1195303425192833
81,20,23.020668029785156,0.5189715027809143,0.07057973742485046
81,20,23.41612434387207,0.4386672079563141,0.33131545782089233
81,20,23.80587387084961,0.453154593706131,0.41624686121940613
81,20,24.186298370361328,0.45328766107559204,0.5194569230079651
81,20,24.56711769104004,0.4000927209854126,0.6633688807487488
81,20,24.950624465942383,0.21642079949378967,0.7340191006660461
81,20,25.341901779174805,0.1982831507921219,0.9977204203605652
81,20,25.729511260986328,0.20115847885608673,0.9023724794387817
81,20,26.117042541503906,0.2646893560886383,0.9769895672798157
81,20,26.49713134765625,0.3188336193561554,0.7856614589691162
81,20,26.7408447265625,0.14347301423549652,0.897211492061615
82,20,20.403650283813477,-0.48343876004219055,-0.24049237370491028
82,20,20.780412673950195,-0.014597682282328606,0.020523862913250923
82,20,21.158031463623047,-0.11655137687921524,0.04595289006829262
82,20,21.560829162597656,0.05299248546361923,0.06315028667449951
82,20,21.945871353149414,0.2610311508178711,0.3381599485874176
82,20,22.334009170532227,0.2842126786708832,0.20854488015174866
82,20,22.711183547973633,0.2821826934814453,0.05618106573820114
82,20,22.9489688873291,0.132780984044075,0.2472800761461258
83,20,20.40100860595703,-0.8599960803985596,0.3128471076488495
83,20,20.764089584350586,-0.9108045697212219,0.19778069853782654
83,20,21.14002227783203,-0.7677950859069824,0.26545974612236023
83,20,21.511844635009766,-0.6170382499694824,0.19961431622505188
83,20,21.885305404663086,-0.1739359050989151,0.11562440544366837
83,20,22.27873420715332,0.07670079171657562,0.22168667614459991
83,20,22.669559478759766,0.3667139708995819,0.027248581871390343
83,20,23.064579010009766,0.26360228657722473,0.051574237644672394
83,20,23.45379066467285,0.14273881912231445,0.3866806626319885
83,20,23.794057846069336,-0.07598887383937836,0.3446357548236847
83,20,24.19439697265625,-0.08664561808109283,0.4530681371688843
83,20,24.477062225341797,-0.17528973519802094,0.7455111742019653
83,20,24.975948333740234,-0.5187471508979797,0.7215006947517395
83,20,25.36579132080078,-0.5070006847381592,0.7608048319816589
83,20,25.743703842163086,-0.44522005319595337,0.7537420392036438
83,20,26.117521286010742,-0.2351067066192627,0.7418120503425598
83,20,26.49900245666504,0.029303528368473053,0.7097201943397522
83,20,26.74561882019043,0.06540165096521378,0.707486629486084
84,20,20.414127349853516,-1.2901149988174438,-0.17758920788764954
84,20,20.802719116210938,-1.527732253074646,0.006542787421494722
84,20,21.174842834472656,-1.1284964084625244,-0.05666440725326538
84,20,21.564504623413086,-0.7954381108283997,-0.07829473167657852
84,20,21.947669982910156,-0.5382550358772278,-0.19167539477348328
84,20,22.33028221130371,-0.20375698804855347,-0.11575434356927872
84,20,22.724557876586914,0.24775318801403046,-0.10697506368160248
84,20,23.093046188354492,0.36036035418510437,0.0361902117729187
84,20,23.460205078125,0.19183461368083954,0.17880292236804962
84,20,23.818021774291992,0.06946125626564026,0.4464047849178314
84,20,24.196048736572266,0.07427718490362167,0.547649085521698
84,20,24.574663162231445,-0.01858346164226532,0.7975876927375793
84,20,24.9475040435791,-0.0690222680568695,0.6750613451004028
84,20,25.333114624023438,-0.1365886628627777,0.8488200306892395
84,20,25.707054138183594,0.0047272369265556335,0.8116602301597595
84,20,26.102373123168945,0.2712455689907074,0.815569281578064
84,20,26.496660232543945,0.24505944550037384,0.8943537473678589
84,20,26.73947525024414,0.1863635927438736,0.9342068433761597
85,20,20.400644302368164,0.23159123957157135,0.35523176193237305
85,20,20.751407623291016,0.27758756279945374,0.45390585064888
85,20,21.151134490966797,0.12333379685878754,0.4719467759132385
85,20,21.526180267333984,0.1922883689403534,0.35667234659194946
85,20,21.909637451171875,0.3151172995567322,0.17913787066936493
85,20,22.28017234802246,0.674331545829773,0.2985329031944275
85,20,22.668466567993164,0.6867600679397583,0.364246666431427
85,20,22.76000213623047,0.6860102415084839,0.45714887976646423
86,20,20.410503387451172,-0.2926134765148163,0.18951013684272766
86,20,20.770978927612305,-0.2513259947299957,0.24255697429180145
86,20,21.167387008666992,-0.10105880349874496,0.25373801589012146
86,20,21.53346824645996,0.011529816314578056,0.14300735294818878
86,20,21.893043518066406,0.4376238286495209,0.472798228263855
86,20,22.270885467529297,0.4477018117904663,0.33348411321640015
86,20,22.652151107788086,0.4047797620296478,0.22958265244960785
86,20,23.030771255493164,0.44692203402519226,0.2227654606103897
86,20,23.393871307373047,0.21150705218315125,0.330342561006546
86,20,23.77918815612793,-0.005958604626357555,0.5045916438102722
86,20,24.188426971435547,-0.015900908038020134,0.6147488355636597
86,20,24.580352783203125,-0.30338919162750244,0.779681384563446
86,20,24.94715690612793,-0.4781809449195862,0.6835409998893738
86,20,25.34415626525879,-0.1858467012643814,0.7898783683776855
86,20,25.723358154296875,-0.17418281733989716,0.9532411098480225
86,20,26.098886489868164,0.021372675895690918,0.9042622447013855
86,20,26.486318588256836,-0.05064677447080612,0.8489062190055847
86,20,26.739620208740234,0.018918270245194435,0.8985750675201416
87,20,20.415597915649414,0.19822129607200623,0.5049724578857422
87,20,20.78506088256836,0.0971519947052002,0.42410072684288025
87,20,21.164997100830078,-0.08034074306488037,0.33584097027778625
87,20,21.53495979309082,-0.1811261922121048,0.4468768835067749
87,20,21.92281150817871,0.13086163997650146,0.38155385851860046
87,20,22.310930252075195,0.10692822933197021,0.5018472671508789
87,20,19.25457000732422,0.21196100115776062,0.7509267330169678
87,20,19.617738723754883,0.34705162048339844,0.726306676864624
88,20,20.400354385375977,0.1414274275302887,-0.5145084261894226
88,20,20.770092010498047,0.26881667971611023,-0.27948251366615295
88,20,21.163942337036133,0.15683422982692719,-0.07817171514034271
88,20,21.544898986816406,0.09795423597097397,0.17991137504577637
88,20,21.9393253326416,0.15021201968193054,0.20906034111976624
88,20,22.32744789123535,0.3690858781337738,0.26555362343788147
88,20,22.676679611206055,0.3422177731990814,0.04872756823897362
88,20,23.030696868896484,0.10728398710489273,0.21545928716659546
88,20,23.025760650634766,0.10815311223268509,0.21911977231502533
89,20,20.401336669921875,-0.9808955788612366,0.008571476675570011
89,20,20.770362854003906,-1.0123956203460693,0.21415488421916962
89,20,21.15449333190918,-0.7267853617668152,0.3571867346763611
89,20,21.509227752685547,-0.5293325781822205,0.37456968426704407
89,20,21.874826431274414,-0.49110281467437744,0.03472699970006943
89,20,22.25761604309082,0.05691678822040558,0.18777434527873993
89,20,22.636518478393555,0.2772376537322998,0.1445303112268448
89,20,22.797565460205078,0.22929370403289795,0.3696472942829132
90,20,20.409704208374023,-0.3435620665550232,0.2105950117111206
90,20,20.780826568603516,-0.39916494488716125,0.40684714913368225
90,20,21.164226531982422,-0.5823312401771545,0.5813431143760681
90,20,21.547895431518555,-0.7424132227897644,0.4297041893005371
90,20,21.91674041748047,-0.456073135137558,0.26407021284103394
90,20,22.28760528564453,0.05345184728503227,0.036472052335739136
90,20,22.650753021240234,0.3395783305168152,0.261578768491745
90,20,23.03891944885254,0.28579509258270264,0.370267778635025
90,20,23.093305587768555,0.25893354415893555,0.38796958327293396
91,20,20.40153694152832,0.3873210549354553,0.1213562935590744
91,20,20.760387420654297,0.3409702479839325,0.2727278470993042
91,20,21.161865234375,0.14122514426708221,0.43332746624946594
91,20,21.55360221862793,0.1913885474205017,0.28731516003608704
91,20,21.94114875793457,0.25756460428237915,0.05988975241780281
91,20,22.306835174560547,0.22060763835906982,0.11126981675624847
91,20,22.70445442199707,0.4846082925796509,-0.13434143364429474
91,20,23.09620475769043,0.5367854237556458,-0.008884839713573456
91,20,23.477907180786133,0.3949359953403473,0.06576133519411087
91,20,23.856685638427734,0.23917213082313538,0.2598758637905121
91,20,24.214935302734375,0.2521074712276459,0.35847097635269165
91,20,24.522403717041016,0.21938912570476532,0.5883611440658569
91,20,24.973373413085938,0.154951810836792,0.6784044504165649
91,20,25.355594635009766,0.20850981771945953,0.7353717684745789
91,20,25.747228622436523,0.21275125443935394,0.7116852402687073
91,20,26.105592727661133,0.038847170770168304,0.6656031608581543
91,20,26.48471450805664,-0.12949047982692719,0.821837306022644
91,20,26.73933219909668,-0.09588903188705444,0.9025522470474243
92,20,20.39860725402832,-0.37831491231918335,-0.43234121799468994
92,20,20.781139373779297,-0.3077905476093292,-0.26773494482040405
92,20,21.148090362548828,-0.2420961856842041,-0.06376366317272186
92,20,21.53822898864746,-0.15038830041885376,-0.02120799943804741
92,20,21.936185836791992,-0.13496361672878265,0.1429823487997055
92,20,22.292858123779297,-0.037367597222328186,0.20933516323566437
92,20,22.635873794555664,0.2395179271697998,0.03891674056649208
92,20,23.067306518554688,0.34643614292144775,-0.0518338717520237
92,20,23.465299606323242,0.16881126165390015,0.22647744417190552
92,20,23.847415924072266,0.05245585739612579,0.43758124113082886
92,20,24.213491439819336,0.06328818202018738,0.5750190019607544
92,20,24.569059371948242,-0.18141482770442963,0.7440871000289917
92,20,24.97257423400879,-0.5628620386123657,0.5976088047027588
92,20,25.34418487548828,-0.15899774432182312,0.5104925632476807
92,20,25.733285903930664,0.008258289657533169,0.4938383996486664
92,20,26.04265022277832,0.0551932230591774,0.6722570061683655
92,20,26.480167388916016,0.0795649066567421,0.5363480448722839
92,20,26.84836196899414,0.1616974174976349,0.580211877822876
92,20,26.999340057373047,0.10557308793067932,0.7073111534118652
93,20,20.3951416015625,-0.811437726020813,0.15566416084766388
93,20,20.76769256591797,-1.0122886896133423,0.304450660943985
93,20,21.16961669921875,-1.0431554317474365,0.3932431638240814
93,20,21.546642303466797,-0.5027000308036804,0.356474369764328
93,20,21.932374954223633,-0.16318437457084656,0.18461066484451294
93,20,22.32204246520996,0.07065118104219437,0.06573404371738434
93,20,22.61435317993164,0.1833803951740265,0.003959398251026869
93,20,23.06732177734375,0.29120969772338867,0.10996684432029724
93,20,23.4528751373291,0.10925295948982239,0.2626715898513794
93,20,23.82588768005371,0.018755003809928894,0.43919363617897034
93,20,24.20742416381836,0.020966971293091774,0.5406186580657959
93,20,24.592391967773438,-0.1535479724407196,0.6167823076248169
93,20,24.97532844543457,-0.18436869978904724,0.9300557971000671
93,20,25.351966857910156,-0.28584256768226624,1.1238229274749756
93,20,25.733970642089844,-0.3375086486339569,1.2125277519226074
93,20,26.101898193359375,-0.31627124547958374,1.232074499130249
93,20,26.46809959411621,-0.14734935760498047,1.0905449390411377
93,20,26.7414493560791,0.08438293635845184,1.0827654600143433
94,20,20.39255714416504,0.39780378341674805,0.7781996726989746
94,20,20.761005401611328,0.36807966232299805,0.8411555886268616
94,20,21.13018226623535,0.15388628840446472,0.8639842867851257
94,20,21.510168075561523,0.16968907415866852,0.7587054967880249
94,20,21.913591384887695,0.09540312737226486,0.7178476452827454
94,20,22.282140731811523,0.37362268567085266,0.6879525780677795
94,20,22.677433013916016,0.5432624220848083,0.5283389687538147
94,20,22.759586334228516,0.5548096895217896,0.510044515132904
95,20,20.409624099731445,-0.7004804611206055,0.1283118575811386
95,20,20.784753799438477,-0.904281497001648,0.4751569926738739
95,20,21.168094635009766,-0.7115082144737244,0.4998415410518646
95,20,21.549623489379883,-0.45754295587539673,0.3541027009487152
95,20,21.92894172668457,-0.4081006646156311,0.24496187269687653
95,20,22.2958927154541,0.03249400854110718,0.3110615909099579
95,20,22.6818790435791,0.3408946990966797,0.2944541573524475
95,20,23.056364059448242,0.24105952680110931,0.37193846702575684
95,20,23.178720474243164,0.1898888498544693,0.3315086364746094
96,20,20.400615692138672,0.448354035615921,0.8736804127693176
96,20,20.767580032348633,0.2990650534629822,0.9777034521102905
96,20,21.136295318603516,0.21771982312202454,1.1294713020324707
96,20,21.43813705444336,0.1558639407157898,1.1268588304519653
96,20,21.905118942260742,0.0911945104598999,1.2302156686782837
96,20,22.284006118774414,0.015075943432748318,1.370168685913086
96,20,22.653942108154297,-0.21690720319747925,1.4934836626052856
96,20,22.733694076538086,-0.22146613895893097,1.494283676147461
97,20,20.324153900146484,-0.04290807992219925,0.5977933406829834
97,20,20.772830963134766,-0.3260316252708435,0.6262223720550537
97,20,21.128719329833984,-0.14091429114341736,0.6343448758125305
97,20,21.47808074951172,-0.08871158212423325,0.41937971115112305
97,20,21.87081527709961,0.04044041410088539,0.349007248878479
97,20,22.27018928527832,0.16000941395759583,0.2240084558725357
97,20,22.650035858154297,0.08779282122850418,0.08754178136587143
97,20,23.03215217590332,0.08255154639482498,0.00952965673059225
97,20,23.40665054321289,0.09657155722379684,0.07132592797279358
97,20,23.797733306884766,0.1529783308506012,0.38120412826538086
97,20,24.185026168823242,0.15160666406154633,0.523719310760498
97,20,24.571439743041992,0.04997241497039795,0.7369128465652466
97,20,24.953048706054688,0.042961038649082184,0.7815219759941101
97,20,25.334806442260742,-0.08927249908447266,0.9493757486343384
97,20,25.726503372192383,0.11918274313211441,0.8740735650062561
97,20,26.091283798217773,0.2485547512769699,0.9889824390411377
97,20,26.440298080444336,0.2291169911623001,0.891546368598938
97,20,26.77703857421875,0.2849719822406769,0.9145298004150391
97,20,27.206693649291992,0.3757750988006592,0.851241946220398
98,20,20.41678237915039,-1.145697832107544,-0.18228904902935028
98,20,20.7836856842041,-1.4029966592788696,-0.025907225906848907
98,20,21.15074348449707,-1.0608645677566528,-0.006327705457806587
98,20,21.512304306030273,-0.6285245418548584,0.013070783577859402
98,20,21.908830642700195,-0.14908351004123688,0.00861717201769352
98,20,22.2903995513916,0.31846195459365845,-0.030588077381253242
98,20,22.660980224609375,0.4196909964084625,0.25698354840278625
98,20,23.032739639282227,0.5066381096839905,0.16208535432815552
98,20,23.398563385009766,0.22841501235961914,0.15529245138168335
98,20,23.77843475341797,0.14604973793029785,0.28419625759124756
98,20,24.161964416503906,0.150299072265625,0.4260652959346771
98,20,24.53923225402832,0.19945304095745087,0.7314273118972778
98,20,24.91646385192871,0.05331991985440254,0.8751364946365356
98,20,25.292306900024414,-0.05691458657383919,0.9202648997306824
98,20,25.64434814453125,0.1437937617301941,0.7577360272407532
98,20,26.01549530029297,0.34654662013053894,0.7971410155296326
98,20,26.39096450805664,0.4387475550174713,0.7214190363883972
98,20,26.768136978149414,0.49456310272216797,0.7906606197357178
98,20,27.060747146606445,0.45765817165374756,0.976105809211731
98,20,27.075578689575195,0.4530683159828186,0.9788793921470642
99,20,20.40194320678711,0.7173024415969849,0.08320213109254837
99,20,20.76085662841797,0.7243293523788452,0.1313815861940384
99,20,21.148683547973633,0.6599803566932678,0.24392029643058777
99,20,21.51128578186035,0.5537853837013245,0.2661544978618622
99,20,21.885421752929688,0.4998794198036194,0.2029334008693695
99,20,22.265960693359375,0.5181908011436462,0.04205920919775963
99,20,22.665740966796875,0.5838994979858398,0.1317651867866516
99,20,23.027477264404297,0.38677436113357544,0.17849501967430115
99,20,23.3886661529541,0.3157861828804016,0.13996000587940216
99,20,23.794872283935547,0.13249750435352325,0.44991880655288696
99,20,24.16398048400879,0.14656154811382294,0.5882497429847717
99,20,24.523483276367188,0.0982186570763588,0.739094614982605
99,20,24.91796112060547,0.05938253179192543,0.8872752785682678
99,20,25.295955657958984,-0.012576515786349773,1.082176923751831
99,20,25.69887351989746,0.1394476443529129,0.9623571634292603
99,20,26.08725929260254,0.3157878816127777,0.9450829029083252
99,20,26.46597671508789,0.547788679599762,0.9630694389343262
99,20,26.847694396972656,0.4490099549293518,0.8698439002037048
99,20,27.23114776611328,0.37737926840782166,0.9702926278114319
99,20,27.627641677856445,0.2532099783420563,1.0672568082809448
99,20,28.01840591430664,0.25264549255371094,1.17237389087677
99,20,28.39380645751953,0.19452616572380066,1.330520749092102
99,20,28.77693748474121,0.013130931183695793,1.244667410850525
99,20,29.157230377197266,0.011712666600942612,1.0061583518981934
99,20,29.525390625,0.05984874069690704,0.7703792452812195
99,20,29.8946590423584,-0.11890395730733871,0.7707398533821106
99,20,30.27864646911621,-0.18542584776878357,0.5411512851715088
99,20,30.667036056518555,0.017610931769013405,0.6398857235908508
99,20,30.76369285583496,0.127753347158432,0.7321850657463074
100,20,20.41082763671875,0.9039972424507141,-0.01148221455514431
100,20,20.77073860168457,0.8976501822471619,0.17784881591796875
100,20,21.147159576416016,0.937872588634491,0.31442350149154663
100,20,21.53212547302246,0.8641027808189392,0.200082466006279
100,20,21.930116653442383,0.6559884548187256,0.14572475850582123
100,20,22.32573127746582,0.6088314652442932,0.0768459141254425
100,20,22.709379196166992,0.8242631554603577,0.10246145725250244
100,20,23.05919075012207,0.9257495403289795,0.10658640414476395
100,20,23.294225692749023,0.90964275598526,0.16963055729866028
